Scenario,Seed,Customers,Vehicles,Capacity,SimTime,Preset,Swarm,Iterations,QPSO_BestFit,QPSO_MeanFit,QPSO_Time_h,QPSO_Dist_km,QPSO_Compute_ms,QPSO_Feas_pct,PSO_BestFit,PSO_MeanFit,PSO_Time_h,PSO_Dist_km,PSO_Compute_ms,PSO_Feas_pct,GNN_BestFit,GNN_MeanFit,GNN_Time_h,GNN_Dist_km,GNN_Compute_ms,GNN_Feas_pct,QPSO_vs_PSO_FitImp_%,QPSO_vs_PSO_TimeImp_%,PSO_Winner,QPSO_vs_GNN_FitImp_%,QPSO_vs_GNN_TimeImp_%,GNN_Winner
1,84810,9,3,114.5,8.5,uniform,23,46,9.73,9.73,8.73,334.24,12.39,100.0,10.03,10.03,9.03,346.66,13.49,100.0,12.56,12.56,11.56,426.51,0.01,100.0,2.97,3.29,QPSO,22.56,24.51,QPSO
2,98080,16,4,105.4,8.0,uniform,26,32,14.08,14.08,12.08,542.81,10.75,100.0,16.07,16.07,14.07,645.48,10.23,100.0,19.7,19.7,17.7,853.55,0.01,100.0,12.42,14.18,QPSO,28.54,31.77,QPSO
3,67237,17,6,103.7,8.5,rush_hour,28,50,23.62,23.62,21.62,476.47,16.6,100.0,26.11,26.11,24.11,578.7,14.75,100.0,26.99,26.99,24.99,609.89,0.01,100.0,9.51,10.3,QPSO,12.46,13.46,QPSO
4,1851,10,4,90.4,8.5,rush_hour,23,27,15.64,15.64,14.14,380.27,6.95,100.0,17.6,17.6,16.1,403.92,5.66,100.0,18.79,18.79,17.29,488.46,0.01,100.0,11.15,12.19,QPSO,16.8,18.26,QPSO
5,50797,9,6,120.8,9.0,uniform,34,42,8.55,8.55,7.55,271.91,10.64,100.0,8.55,8.55,7.55,271.91,12.97,100.0,11.88,11.88,10.88,433.93,0.0,100.0,0.0,0.0,Tie,28.06,30.64,QPSO
6,17361,14,6,103.1,17.5,rush_hour,26,47,12.48,12.48,10.98,507.79,13.17,100.0,14.82,14.82,13.32,569.94,9.53,100.0,17.67,17.67,16.17,710.67,0.0,100.0,15.81,17.58,QPSO,29.37,32.09,QPSO
7,10116,8,2,116.4,8.5,uniform,32,33,9.99,9.99,8.99,357.52,7.87,100.0,9.99,9.99,8.99,357.52,9.93,100.0,14.02,14.02,13.02,539.07,0.01,100.0,0.0,0.0,Tie,28.76,30.96,QPSO
8,60429,18,6,79.8,8.5,incident,28,47,17.32,17.32,14.82,540.25,19.02,100.0,18.84,18.84,16.34,622.05,10.38,100.0,21.96,21.96,19.46,754.54,0.01,100.0,8.05,9.28,QPSO,21.13,23.84,QPSO
9,90593,18,5,106.5,17.5,incident,27,30,15.02,15.02,13.02,478.55,13.03,100.0,17.47,17.47,15.47,599.9,9.62,100.0,18.9,18.9,16.9,646.2,0.01,100.0,13.99,15.79,QPSO,20.5,22.92,QPSO
10,61589,14,4,129.4,18.0,rush_hour,21,32,11.7,11.7,10.2,463.78,8.18,100.0,13.18,13.18,11.68,552.82,8.72,100.0,13.68,13.68,12.18,527.55,0.01,100.0,11.2,12.64,QPSO,14.45,16.23,QPSO
11,5207,13,4,86.1,17.5,incident,30,31,15.15,15.15,13.15,464.05,10.54,100.0,12.92,12.92,10.92,375.22,9.06,100.0,16.52,16.52,14.52,490.57,0.01,100.0,-17.24,-20.4,Classical PSO,8.31,9.45,QPSO
12,86909,15,6,123.1,13.0,uniform,28,29,13.37,13.37,11.87,534.15,12.04,100.0,14.55,14.55,13.05,577.65,8.16,100.0,17.01,17.01,15.51,677.28,0.01,100.0,8.09,9.02,QPSO,21.43,23.5,QPSO
13,33325,16,5,114.8,17.5,rush_hour,31,32,12.45,12.45,10.45,449.9,9.55,100.0,13.76,13.76,12.26,555.05,8.03,100.0,14.37,14.37,12.87,559.14,0.01,100.0,9.53,14.78,QPSO,13.37,18.82,QPSO
14,19131,16,6,75.5,8.0,uniform,25,50,17.5,17.5,14.5,584.37,14.42,100.0,19.19,19.19,16.69,676.54,9.74,100.0,24.13,24.13,21.63,867.3,0.01,100.0,8.79,13.1,QPSO,27.47,32.96,QPSO
15,90192,14,6,93.1,13.0,incident,28,42,14.02,14.02,12.02,467.69,12.54,100.0,14.12,14.12,12.12,484.07,8.91,100.0,17.8,17.8,15.8,623.89,0.0,100.0,0.71,0.83,QPSO,21.22,23.91,QPSO
16,2504,18,6,110.9,18.0,rush_hour,23,34,14.56,14.56,12.56,590.04,17.56,100.0,15.3,15.3,13.3,623.42,10.0,100.0,18.14,18.14,16.14,766.57,0.01,100.0,4.82,5.54,QPSO,19.72,22.17,QPSO
17,57985,10,6,70.2,18.0,rush_hour,25,41,14.17,14.17,12.17,474.32,10.33,100.0,14.62,14.62,12.62,496.59,12.05,100.0,15.23,15.23,13.23,545.0,0.01,100.0,3.06,3.55,QPSO,6.94,7.99,QPSO
18,14947,18,6,120.5,17.5,uniform,24,36,11.8,11.8,10.3,395.15,26.32,100.0,14.18,14.18,12.68,524.39,11.98,100.0,15.16,15.16,13.66,619.52,0.01,100.0,16.81,18.8,QPSO,22.14,24.57,QPSO
19,22174,16,5,105.9,8.0,uniform,31,50,14.35,14.35,12.35,530.15,25.18,100.0,16.28,16.28,14.28,591.58,14.36,100.0,16.07,16.07,14.07,596.21,0.02,100.0,11.85,13.51,QPSO,10.7,12.22,QPSO
20,41306,11,6,84.5,8.0,uniform,35,27,10.64,10.64,9.14,356.49,18.41,100.0,11.36,11.36,9.86,368.73,16.73,100.0,13.69,13.69,12.19,475.14,0.0,100.0,6.37,7.34,QPSO,22.28,25.03,QPSO
21,70822,10,4,109.6,9.0,incident,33,31,11.21,11.21,9.71,402.56,9.92,100.0,10.47,10.47,9.47,430.2,8.82,100.0,13.07,13.07,12.07,565.82,0.0,100.0,-7.05,-2.52,Classical PSO,14.23,19.55,QPSO
22,71686,11,5,93.9,13.0,incident,34,28,12.15,12.15,10.65,406.55,13.31,100.0,12.74,12.74,11.24,427.89,10.06,100.0,16.77,16.77,15.27,551.77,0.0,100.0,4.67,5.3,QPSO,27.57,30.28,QPSO
23,33493,11,6,90.3,17.5,uniform,27,25,11.51,11.51,10.01,363.42,11.4,100.0,11.68,11.68,10.18,356.47,7.93,100.0,15.44,15.44,13.94,518.22,0.01,100.0,1.49,1.71,QPSO,25.46,28.2,QPSO
24,10305,18,6,83.7,9.0,uniform,27,33,16.64,16.64,14.14,608.44,12.36,100.0,18.65,18.65,15.65,684.91,9.77,100.0,20.11,20.11,17.61,748.69,0.01,100.0,10.77,9.63,QPSO,17.24,19.69,QPSO
25,88684,15,6,102.4,17.5,incident,35,32,15.24,15.24,13.24,546.55,11.74,100.0,15.58,15.58,13.58,521.61,7.97,100.0,20.4,20.4,18.4,772.18,0.01,100.0,2.17,2.49,QPSO,25.3,28.05,QPSO
26,62993,14,6,75.7,9.0,rush_hour,33,39,18.81,18.81,16.81,509.76,13.78,100.0,20.9,20.9,18.9,582.13,9.72,100.0,22.05,22.05,20.05,587.73,0.01,100.0,10.0,11.05,QPSO,14.69,16.15,QPSO
27,96561,8,5,73.6,8.0,uniform,26,31,10.68,10.68,9.18,337.32,7.3,100.0,10.68,10.68,9.18,337.32,8.2,100.0,15.84,15.84,14.34,559.53,0.0,100.0,0.0,0.0,Tie,32.6,36.01,QPSO
28,71292,15,5,95.3,13.0,uniform,22,39,13.36,13.36,11.36,464.97,12.03,100.0,13.71,13.71,11.71,516.3,8.24,100.0,18.26,18.26,16.26,617.16,0.0,100.0,2.58,3.02,QPSO,26.84,30.14,QPSO
29,73132,9,3,109.1,8.0,uniform,25,38,8.81,8.81,7.81,325.75,11.81,100.0,8.93,8.93,7.93,328.35,11.84,100.0,10.88,10.88,9.88,429.77,0.0,100.0,1.33,1.5,QPSO,18.99,20.92,QPSO
30,64653,15,4,121.9,8.5,rush_hour,20,37,15.83,15.83,13.83,494.55,12.3,100.0,18.07,18.07,16.57,563.99,10.58,100.0,18.54,18.54,17.04,593.06,0.01,100.0,12.38,16.52,QPSO,14.6,18.83,QPSO
31,35760,15,6,95.4,17.5,incident,35,29,17.26,17.26,15.26,650.93,11.31,100.0,16.84,16.84,14.84,674.26,8.32,100.0,20.38,20.38,18.38,759.41,0.0,100.0,-2.49,-2.83,Classical PSO,15.35,17.02,QPSO
32,25890,12,3,128.1,18.0,rush_hour,21,26,10.64,10.64,9.14,383.55,6.2,100.0,10.73,10.73,9.23,374.08,7.25,100.0,12.48,12.48,11.48,497.26,0.01,100.0,0.87,1.02,QPSO,14.74,20.38,QPSO
33,77569,15,6,73.4,8.5,uniform,22,46,18.55,18.55,16.55,652.51,14.15,100.0,17.55,17.55,15.05,590.58,12.29,100.0,19.69,19.69,17.69,700.56,0.01,100.0,-5.65,-9.91,Classical PSO,5.82,6.48,QPSO
34,31828,14,4,126.5,17.5,incident,21,44,14.03,14.03,12.53,492.94,11.76,100.0,14.14,14.14,12.64,460.1,8.64,100.0,16.31,16.31,14.81,543.0,0.0,100.0,0.81,0.9,QPSO,13.99,15.41,QPSO
35,11745,14,4,126.1,18.0,incident,30,32,11.84,11.84,10.34,391.72,9.91,100.0,10.34,10.34,8.84,331.85,13.15,100.0,13.62,13.62,12.12,464.99,0.01,100.0,-14.47,-16.92,Classical PSO,13.05,14.66,QPSO
36,35814,14,5,110.3,13.0,rush_hour,22,25,13.23,13.23,11.73,461.44,8.16,100.0,14.17,14.17,12.67,456.99,4.94,100.0,17.16,17.16,15.66,666.33,0.01,100.0,6.63,7.42,QPSO,22.88,25.07,QPSO
37,61068,17,6,74.4,17.5,rush_hour,24,36,15.77,15.77,13.27,569.63,15.41,100.0,18.78,18.78,16.28,763.52,14.96,100.0,18.96,18.96,16.46,725.28,0.01,100.0,15.98,18.44,QPSO,16.82,19.38,QPSO
38,10016,11,5,87.1,17.5,incident,29,44,9.7,9.7,8.2,364.03,20.11,100.0,9.7,9.7,8.2,364.03,16.05,100.0,10.59,10.59,9.09,390.89,0.01,100.0,0.0,0.0,Tie,8.48,9.87,QPSO
39,86717,16,6,110.1,9.0,incident,23,29,15.36,15.36,13.36,536.84,11.36,100.0,16.54,16.54,14.54,620.64,5.6,100.0,21.19,21.19,19.19,740.56,0.01,100.0,7.16,8.14,QPSO,27.51,30.37,QPSO
40,35664,9,3,114.5,9.0,rush_hour,26,47,10.73,10.73,9.73,290.61,14.76,100.0,10.94,10.94,9.94,320.25,13.06,100.0,11.63,11.63,10.63,326.17,0.0,100.0,2.0,2.2,QPSO,7.77,8.5,QPSO
41,45942,11,5,100.3,8.0,uniform,33,33,10.35,10.35,8.85,314.0,12.9,100.0,11.48,11.48,9.98,383.69,8.68,100.0,10.56,10.56,9.06,324.38,0.0,100.0,9.84,11.32,QPSO,2.03,2.37,QPSO
42,6778,8,4,116.3,8.5,incident,34,42,9.16,9.16,8.16,305.24,11.49,100.0,9.16,9.16,8.16,305.24,7.84,100.0,10.42,10.42,9.42,375.51,0.0,100.0,0.0,0.0,Tie,12.14,13.43,QPSO
43,93493,14,5,76.7,17.5,uniform,31,43,16.54,16.54,14.54,541.9,14.48,100.0,16.43,16.43,14.43,534.9,12.05,100.0,19.62,19.62,17.62,649.25,0.01,100.0,-0.65,-0.74,Classical PSO,15.72,17.5,QPSO
44,73420,10,5,77.6,9.0,uniform,31,31,11.63,11.63,10.13,362.07,8.76,100.0,11.75,11.75,10.25,400.54,5.38,100.0,12.7,12.7,11.2,442.22,0.0,100.0,1.0,1.14,QPSO,8.41,9.54,QPSO
45,90399,11,6,91.2,13.0,incident,24,32,13.24,13.24,11.74,419.64,7.28,100.0,13.51,13.51,12.01,447.34,8.76,100.0,15.6,15.6,14.1,503.92,0.01,100.0,1.97,2.22,QPSO,15.1,16.71,QPSO
46,22299,10,6,71.5,9.0,rush_hour,27,33,12.69,12.69,11.19,376.34,10.62,100.0,13.02,13.02,11.52,383.89,8.72,100.0,13.86,13.86,12.36,423.45,0.01,100.0,2.55,2.88,QPSO,8.44,9.46,QPSO
47,21866,9,5,122.3,8.5,uniform,34,36,7.4,7.4,6.4,248.75,9.69,100.0,7.98,7.98,6.98,249.37,8.88,100.0,9.82,9.82,8.82,316.29,0.0,100.0,7.27,8.31,QPSO,24.67,27.46,QPSO
48,41001,11,4,71.4,13.0,rush_hour,28,27,11.54,11.54,9.54,446.77,7.96,100.0,12.23,12.23,10.23,467.36,7.38,100.0,15.66,15.66,13.66,607.64,0.01,100.0,5.61,6.71,QPSO,26.33,30.18,QPSO
49,37585,13,5,110.8,8.0,uniform,28,30,13.42,13.42,11.92,485.66,9.93,100.0,15.57,15.57,14.07,592.11,6.72,100.0,15.53,15.53,14.03,590.22,0.0,100.0,13.83,15.3,QPSO,13.61,15.06,QPSO
50,77099,12,5,76.5,9.0,incident,30,38,13.06,13.06,11.06,448.32,14.99,100.0,14.43,14.43,12.43,504.51,10.94,100.0,17.23,17.23,15.23,610.01,0.0,100.0,9.54,11.07,QPSO,24.21,27.39,QPSO
51,80457,16,5,93.1,9.0,uniform,33,25,18.42,18.42,16.42,673.06,9.29,100.0,19.68,19.68,17.68,760.82,6.48,100.0,23.76,23.76,21.76,857.82,0.01,100.0,6.37,7.09,QPSO,22.47,24.53,QPSO
52,69146,16,5,91.9,18.0,rush_hour,30,46,16.19,16.19,14.19,638.66,14.95,100.0,15.92,15.92,13.42,622.6,10.29,100.0,16.21,16.21,14.21,650.55,0.01,100.0,-1.69,-5.73,Classical PSO,0.13,0.15,QPSO
53,17334,12,5,110.0,13.0,incident,29,42,10.58,10.58,9.08,398.72,12.67,100.0,10.46,10.46,8.96,398.25,10.41,100.0,12.32,12.32,10.82,464.1,0.01,100.0,-1.17,-1.37,Classical PSO,14.1,16.05,QPSO
54,17683,11,6,109.9,18.0,incident,25,44,10.53,10.53,9.03,344.24,12.05,100.0,11.09,11.09,9.59,400.4,9.01,100.0,14.86,14.86,13.36,523.44,0.0,100.0,5.07,5.86,QPSO,29.15,32.42,QPSO
55,75593,12,3,102.9,9.0,rush_hour,26,38,11.12,11.12,9.62,321.48,9.01,100.0,13.07,13.07,11.57,395.77,8.89,100.0,17.05,17.05,15.55,519.52,0.01,100.0,14.9,16.84,QPSO,34.81,38.17,QPSO
56,77019,17,6,97.9,18.0,uniform,35,50,15.6,15.6,13.6,514.14,22.8,100.0,17.46,17.46,15.46,646.46,13.59,100.0,18.37,18.37,16.37,686.99,0.01,100.0,10.65,12.03,QPSO,15.1,16.94,QPSO
57,97463,10,5,87.0,8.0,uniform,29,32,9.96,9.96,8.46,295.88,9.92,100.0,9.96,9.96,8.46,295.88,8.96,100.0,12.24,12.24,10.74,384.06,0.01,100.0,0.0,0.0,Tie,18.6,21.2,QPSO
58,27100,10,5,72.8,17.5,uniform,34,38,11.59,11.59,10.09,397.72,12.27,100.0,11.41,11.41,9.91,367.33,10.16,100.0,13.89,13.89,12.39,463.95,0.01,100.0,-1.63,-1.88,Classical PSO,16.57,18.58,QPSO
59,83544,17,5,113.1,13.0,rush_hour,27,29,13.28,13.28,11.28,445.85,12.47,100.0,14.17,14.17,12.17,478.93,7.68,100.0,18.19,18.19,16.19,631.99,0.0,100.0,6.29,7.33,QPSO,27.03,30.37,QPSO
60,86990,8,3,116.7,8.5,incident,34,26,10.38,10.38,9.38,369.01,6.81,100.0,10.38,10.38,9.38,369.01,6.53,100.0,10.81,10.81,9.81,416.13,0.0,100.0,0.0,0.0,Tie,4.02,4.43,QPSO
61,74060,11,6,97.4,18.0,incident,30,49,10.43,10.43,8.93,363.65,15.86,100.0,10.67,10.67,9.17,339.97,11.09,100.0,13.3,13.3,11.8,526.11,0.0,100.0,2.29,2.67,QPSO,21.59,24.34,QPSO
62,59008,17,6,119.8,13.0,uniform,35,39,13.28,13.28,11.78,500.64,14.26,100.0,15.01,15.01,13.51,592.46,11.8,100.0,17.83,17.83,16.33,728.86,0.0,100.0,11.51,12.79,QPSO,25.49,27.83,QPSO
63,34972,11,6,115.9,18.0,uniform,28,39,9.33,9.33,8.33,325.64,10.86,100.0,11.13,11.13,9.63,410.24,11.91,100.0,11.97,11.97,10.97,475.01,0.01,100.0,16.22,13.55,QPSO,22.06,24.07,QPSO
64,11155,12,5,86.3,17.5,uniform,24,29,10.38,10.38,8.88,328.52,10.12,100.0,10.38,10.38,8.88,328.52,8.08,100.0,12.67,12.67,11.17,425.66,0.01,100.0,-0.0,-0.0,Tie,18.07,20.49,QPSO
65,31311,14,4,112.4,13.0,rush_hour,30,42,12.93,12.93,11.43,506.53,13.32,100.0,13.0,13.0,11.5,417.38,10.94,100.0,16.17,16.17,14.67,676.38,0.01,100.0,0.56,0.64,QPSO,20.05,22.11,QPSO
66,62069,14,6,82.4,13.0,incident,20,49,10.84,10.84,9.34,394.55,14.54,100.0,11.4,11.4,9.9,433.0,9.81,100.0,13.51,13.51,12.01,474.5,0.0,100.0,4.83,5.56,QPSO,19.72,22.18,QPSO
67,76456,14,6,70.4,9.0,rush_hour,33,42,13.19,13.19,11.19,492.99,15.61,100.0,14.36,14.36,11.86,510.24,11.21,100.0,16.27,16.27,14.27,607.16,0.01,100.0,8.11,5.6,QPSO,18.9,21.55,QPSO
68,98978,16,6,99.3,13.0,rush_hour,20,37,14.73,14.73,12.73,539.29,11.45,100.0,16.2,16.2,14.2,658.0,8.78,100.0,18.88,18.88,16.88,735.37,0.01,100.0,9.09,10.38,QPSO,22.01,24.62,QPSO
69,45057,18,5,113.5,8.5,incident,20,37,18.93,18.93,16.93,650.82,9.46,100.0,21.18,21.18,19.18,807.73,8.26,100.0,26.14,26.14,24.14,960.8,0.01,100.0,10.64,11.75,QPSO,27.6,29.88,QPSO
70,78580,17,6,75.0,8.5,rush_hour,25,26,31.4,31.4,28.9,697.06,9.41,100.0,31.98,31.98,29.48,766.45,6.41,100.0,33.25,33.25,30.75,765.12,0.01,100.0,1.8,1.95,QPSO,5.55,6.0,QPSO
71,35099,14,6,82.7,9.0,rush_hour,28,49,20.3,20.3,17.8,582.85,13.41,100.0,21.36,21.36,18.86,613.04,9.32,100.0,24.89,24.89,22.39,723.05,0.01,100.0,4.94,5.59,QPSO,18.41,20.47,QPSO
72,56255,12,6,98.2,17.5,uniform,31,32,12.77,12.77,11.27,395.89,11.43,100.0,12.77,12.77,11.27,395.89,8.46,100.0,15.76,15.76,14.26,496.42,0.0,100.0,0.0,0.0,Tie,18.93,20.92,QPSO
73,86215,9,3,115.3,8.5,uniform,24,32,8.7,8.7,7.7,271.14,10.04,100.0,9.46,9.46,8.46,317.81,8.4,100.0,11.69,11.69,10.69,416.03,0.0,100.0,8.02,8.97,QPSO,25.54,27.92,QPSO
74,17544,15,4,103.8,13.0,incident,28,49,14.21,14.21,12.71,562.04,15.78,100.0,13.76,13.76,11.76,517.85,13.98,100.0,14.8,14.8,13.3,576.26,0.01,100.0,-3.29,-8.11,Classical PSO,3.98,4.43,QPSO
75,49351,10,4,116.7,9.0,uniform,20,34,12.48,12.48,11.48,480.46,8.75,100.0,13.22,13.22,12.22,510.17,8.85,100.0,14.09,14.09,13.09,536.57,0.01,100.0,5.65,6.11,QPSO,11.45,12.33,QPSO
76,76470,18,5,93.8,8.0,incident,27,28,19.18,19.18,16.68,642.69,12.27,100.0,24.37,24.37,21.87,897.39,7.41,100.0,23.62,23.62,21.62,862.82,0.01,100.0,21.28,23.72,QPSO,18.81,22.86,QPSO
77,92382,12,3,117.8,9.0,incident,33,46,11.43,11.43,9.93,390.86,12.83,100.0,10.86,10.86,9.86,387.25,9.52,100.0,15.87,15.87,14.37,556.98,0.01,100.0,-5.3,-0.76,Classical PSO,27.96,30.88,QPSO
78,49571,9,5,70.8,13.0,uniform,33,36,10.9,10.9,8.9,374.48,8.28,100.0,11.01,11.01,9.01,386.18,8.21,100.0,12.52,12.52,10.52,452.63,0.01,100.0,1.03,1.26,QPSO,12.9,15.35,QPSO
79,84307,15,6,96.1,17.5,incident,28,44,13.96,13.96,11.96,450.78,15.38,100.0,15.72,15.72,13.72,521.36,12.31,100.0,16.8,16.8,14.8,529.6,0.01,100.0,11.2,12.83,QPSO,16.92,19.21,QPSO
80,71539,15,6,96.1,17.5,rush_hour,30,32,12.7,12.7,11.2,427.73,13.37,100.0,13.64,13.64,11.64,432.8,8.42,100.0,13.63,13.63,12.13,479.74,0.0,100.0,6.93,3.83,QPSO,6.86,7.7,QPSO
81,12359,12,5,84.6,17.5,incident,32,35,13.07,13.07,11.07,434.71,14.2,100.0,13.07,13.07,11.07,434.71,10.29,100.0,17.2,17.2,15.2,614.57,0.01,100.0,0.0,0.0,Tie,24.0,27.16,QPSO
82,4761,15,5,80.9,9.0,rush_hour,30,33,15.22,15.22,13.22,485.36,12.04,100.0,16.2,16.2,14.2,534.65,9.25,100.0,16.9,16.9,14.9,513.73,0.01,100.0,6.0,6.84,QPSO,9.9,11.23,QPSO
83,79139,12,4,101.0,8.0,uniform,33,40,11.58,11.58,10.08,403.44,9.92,100.0,10.73,10.73,9.23,417.27,9.41,100.0,13.54,13.54,12.04,512.31,0.01,100.0,-7.95,-9.24,Classical PSO,14.51,16.32,QPSO
84,73768,11,6,108.8,13.0,uniform,22,34,12.02,12.02,10.52,473.11,9.32,100.0,11.07,11.07,9.57,412.42,7.88,100.0,13.61,13.61,12.11,536.34,0.0,100.0,-8.62,-9.97,Classical PSO,11.67,13.12,QPSO
85,30045,14,6,88.4,9.0,rush_hour,31,38,20.19,20.19,18.19,616.8,12.06,100.0,20.48,20.48,17.98,677.86,7.35,100.0,24.96,24.96,22.96,841.8,0.01,100.0,1.45,-1.13,QPSO,19.12,20.78,QPSO
86,98771,16,6,91.1,9.0,rush_hour,28,32,19.19,19.19,17.19,573.76,11.18,100.0,21.38,21.38,19.38,623.59,8.45,100.0,20.49,20.49,18.49,600.73,0.01,100.0,10.24,11.3,QPSO,6.34,7.03,QPSO
87,16814,11,6,77.2,18.0,uniform,26,31,10.42,10.42,8.92,347.18,9.75,100.0,10.12,10.12,8.62,330.27,7.45,100.0,11.55,11.55,10.05,398.43,0.01,100.0,-2.92,-3.43,Classical PSO,9.77,11.23,QPSO
88,97810,15,6,113.5,17.5,rush_hour,23,31,13.96,13.96,12.46,519.44,10.25,100.0,13.77,13.77,12.27,512.16,7.62,100.0,16.51,16.51,15.01,628.68,0.01,100.0,-1.4,-1.57,Classical PSO,15.42,16.96,QPSO
89,39829,11,4,80.8,18.0,incident,24,33,14.11,14.11,12.61,507.42,11.75,100.0,14.87,14.87,12.87,473.76,8.96,100.0,16.61,16.61,15.11,583.22,0.01,100.0,5.08,1.99,QPSO,15.05,16.54,QPSO
90,6965,8,3,111.8,18.0,rush_hour,23,25,7.49,7.49,6.49,281.03,8.17,100.0,7.98,7.98,6.98,336.46,6.98,100.0,9.67,9.67,8.67,422.73,0.01,100.0,6.21,7.1,QPSO,22.57,25.17,QPSO
91,76243,12,5,98.7,8.5,uniform,28,40,11.37,11.37,9.87,445.1,12.07,100.0,11.77,11.77,10.27,465.77,9.7,100.0,12.71,12.71,11.21,556.12,0.01,100.0,3.38,3.87,QPSO,10.48,11.89,QPSO
92,15953,9,3,99.5,8.5,uniform,29,27,10.8,10.8,9.3,362.83,16.68,100.0,10.8,10.8,9.3,362.83,12.37,100.0,12.4,12.4,10.9,374.25,0.0,100.0,0.0,0.0,Tie,12.96,14.74,QPSO
93,33530,9,4,106.4,17.5,rush_hour,34,39,9.86,9.86,8.86,327.14,17.29,100.0,9.65,9.65,8.65,310.67,14.39,100.0,11.01,11.01,10.01,393.96,0.0,100.0,-2.12,-2.36,Classical PSO,10.47,11.52,QPSO
94,39974,17,5,88.3,17.5,incident,23,49,15.05,15.05,13.05,563.21,21.11,100.0,16.51,16.51,14.01,574.33,14.63,100.0,18.5,18.5,16.5,731.57,0.01,100.0,8.83,6.84,QPSO,18.65,20.91,QPSO
95,28235,18,6,85.9,8.5,uniform,25,42,14.68,14.68,12.18,482.01,19.49,100.0,15.86,15.86,13.36,549.71,11.56,100.0,17.66,17.66,15.16,632.92,0.01,100.0,7.43,8.82,QPSO,16.91,19.7,QPSO
96,10838,10,6,94.5,9.0,uniform,27,34,10.65,10.65,9.15,442.75,11.01,100.0,10.38,10.38,8.88,427.21,8.54,100.0,14.75,14.75,13.25,625.31,0.01,100.0,-2.61,-3.06,Classical PSO,27.79,30.94,QPSO
97,93662,12,5,74.3,9.0,incident,26,38,15.51,15.51,13.51,497.33,10.82,100.0,15.51,15.51,13.51,497.33,7.28,100.0,19.26,19.26,17.26,686.24,0.0,100.0,-0.0,-0.0,Tie,19.43,21.69,QPSO
98,16043,16,5,108.9,8.5,uniform,21,30,16.25,16.25,14.75,640.36,8.42,100.0,16.44,16.44,14.44,562.63,7.47,100.0,18.91,18.91,17.41,673.82,0.01,100.0,1.16,-2.15,QPSO,14.06,15.27,QPSO
99,41319,17,6,96.3,18.0,rush_hour,32,33,14.57,14.57,12.57,474.97,14.31,100.0,17.86,17.86,15.86,576.9,6.73,100.0,22.46,22.46,20.46,760.5,0.01,100.0,18.42,20.74,QPSO,35.12,38.55,QPSO
100,66597,16,5,96.3,13.0,incident,30,44,14.06,14.06,12.06,534.08,16.77,100.0,16.45,16.45,14.45,615.72,10.82,100.0,17.86,17.86,15.86,669.78,0.01,100.0,14.56,16.58,QPSO,21.28,23.97,QPSO
101,33816,8,3,83.7,18.0,rush_hour,21,49,8.82,8.82,7.82,326.17,12.28,100.0,8.82,8.82,7.82,326.17,10.84,100.0,8.9,8.9,7.9,304.9,0.0,100.0,0.0,0.0,Tie,0.93,1.05,QPSO
102,23962,15,4,125.0,17.5,rush_hour,35,27,13.15,13.15,11.65,514.33,10.71,100.0,13.9,13.9,12.4,543.5,7.07,100.0,17.43,17.43,15.93,724.06,0.01,100.0,5.4,6.05,QPSO,24.56,26.87,QPSO
103,62605,13,6,90.0,8.0,uniform,30,38,11.2,11.2,9.7,441.1,13.95,100.0,12.28,12.28,10.78,485.75,9.92,100.0,13.46,13.46,11.96,513.36,0.01,100.0,8.78,10.0,QPSO,16.8,18.91,QPSO
104,91921,15,5,109.8,17.5,uniform,34,27,12.35,12.35,10.85,453.55,8.4,100.0,11.87,11.87,10.37,426.6,5.89,100.0,13.6,13.6,12.1,496.4,0.01,100.0,-4.08,-4.67,Classical PSO,9.2,10.34,QPSO
105,42224,12,5,77.0,17.5,uniform,34,38,14.98,14.98,12.98,487.48,10.2,100.0,14.98,14.98,12.98,487.48,7.58,100.0,16.18,16.18,14.18,534.88,0.01,100.0,0.0,0.0,Tie,7.39,8.44,QPSO
106,8104,11,6,107.4,18.0,rush_hour,21,31,9.73,9.73,8.23,347.65,7.89,100.0,10.4,10.4,8.9,386.01,6.19,100.0,12.98,12.98,11.48,475.35,0.0,100.0,6.42,7.5,QPSO,25.04,28.31,QPSO
107,36003,16,5,125.7,18.0,rush_hour,23,25,13.65,13.65,11.65,546.33,7.53,100.0,15.96,15.96,14.46,672.33,5.23,100.0,16.26,16.26,14.76,718.61,0.01,100.0,14.5,19.47,QPSO,16.1,21.12,QPSO
108,83578,17,5,112.6,17.5,uniform,33,27,15.19,15.19,13.19,469.1,8.93,100.0,16.56,16.56,14.56,522.02,5.21,100.0,18.46,18.46,16.46,618.22,0.01,100.0,8.28,9.41,QPSO,17.7,19.85,QPSO
109,30451,9,3,126.8,13.0,incident,29,41,10.49,10.49,9.49,356.96,9.53,100.0,10.55,10.55,9.55,356.01,9.23,100.0,11.77,11.77,10.77,410.27,0.01,100.0,0.5,0.55,QPSO,10.86,11.87,QPSO
110,93459,12,6,120.1,8.5,rush_hour,24,37,18.02,18.02,16.52,441.08,8.48,100.0,20.64,20.64,19.14,502.71,8.22,100.0,23.16,23.16,21.66,544.55,0.01,100.0,12.71,13.7,QPSO,22.21,23.74,QPSO
111,25983,17,5,121.8,13.0,rush_hour,28,25,15.07,15.07,13.07,498.3,9.41,100.0,18.02,18.02,16.02,658.17,5.43,100.0,19.1,19.1,17.1,653.88,0.01,100.0,16.34,18.38,QPSO,21.07,23.54,QPSO
112,38072,12,6,121.9,17.5,rush_hour,31,35,11.9,11.9,10.4,414.69,9.18,100.0,12.33,12.33,10.83,420.05,8.65,100.0,15.18,15.18,13.68,546.19,0.0,100.0,3.54,4.03,QPSO,21.65,24.03,QPSO
113,73340,16,6,97.3,8.5,incident,27,43,16.54,16.54,14.54,546.83,15.03,100.0,19.02,19.02,17.02,656.92,9.56,100.0,20.06,20.06,18.06,698.34,0.01,100.0,13.06,14.59,QPSO,17.56,19.51,QPSO
114,51196,11,6,72.6,13.0,incident,32,37,13.02,13.02,11.02,485.1,13.08,100.0,13.77,13.77,11.77,502.3,8.67,100.0,16.86,16.86,14.86,642.59,0.0,100.0,5.44,6.37,QPSO,22.81,25.88,QPSO
115,87991,18,5,99.7,8.5,incident,30,28,16.18,16.18,14.18,582.93,11.04,100.0,18.06,18.06,15.56,633.14,7.79,100.0,21.9,21.9,19.9,806.29,0.01,100.0,10.39,8.85,QPSO,26.11,28.73,QPSO
116,58711,9,4,70.9,13.0,incident,24,27,9.1,9.1,7.6,325.83,6.63,100.0,9.31,9.31,7.81,338.18,5.01,100.0,12.47,12.47,10.97,466.45,0.01,100.0,2.28,2.72,QPSO,27.03,30.73,QPSO
117,62537,12,6,107.4,18.0,uniform,30,46,11.63,11.63,10.13,402.47,12.74,100.0,11.81,11.81,10.31,402.27,11.08,100.0,16.39,16.39,14.89,596.4,0.01,100.0,1.54,1.76,QPSO,29.07,32.0,QPSO
118,70942,14,5,107.6,17.5,uniform,22,32,13.39,13.39,11.89,428.54,11.97,100.0,13.69,13.69,12.19,460.1,7.1,100.0,14.51,14.51,13.01,505.27,0.01,100.0,2.18,2.45,QPSO,7.74,8.64,QPSO
119,83727,18,6,129.8,8.0,rush_hour,23,49,17.02,17.02,15.02,469.24,15.76,100.0,18.62,18.62,16.62,567.97,12.67,100.0,24.4,24.4,22.4,779.81,0.01,100.0,8.58,9.61,QPSO,30.24,32.95,QPSO
120,84066,9,5,80.0,8.0,uniform,30,50,9.75,9.75,8.25,355.19,13.44,100.0,9.75,9.75,8.25,355.19,11.42,100.0,12.07,12.07,10.57,464.86,0.0,100.0,0.0,0.0,Tie,19.18,21.91,QPSO
121,8355,12,4,92.5,8.5,incident,33,43,11.67,11.67,10.17,396.15,16.55,100.0,13.41,13.41,11.91,523.86,9.58,100.0,14.74,14.74,13.24,566.87,0.0,100.0,12.99,14.62,QPSO,20.85,23.22,QPSO
122,90364,10,6,80.5,13.0,incident,27,40,10.15,10.15,8.65,329.76,11.16,100.0,10.35,10.35,8.85,379.89,7.85,100.0,11.9,11.9,10.4,426.65,0.0,100.0,1.85,2.16,QPSO,14.66,16.78,QPSO
123,77435,10,5,97.7,13.0,rush_hour,20,50,9.4,9.4,7.9,323.78,21.81,100.0,10.41,10.41,8.91,354.11,14.78,100.0,11.26,11.26,9.76,420.21,0.01,100.0,9.71,11.35,QPSO,16.54,19.09,QPSO
124,61981,12,6,74.4,17.5,rush_hour,33,47,16.87,16.87,14.87,580.38,18.19,100.0,16.7,16.7,14.7,570.97,17.6,100.0,16.95,16.95,14.95,600.56,0.0,100.0,-1.02,-1.16,Classical PSO,0.48,0.54,QPSO
125,33780,15,6,82.0,13.0,uniform,27,37,14.81,14.81,12.81,537.79,16.57,100.0,14.52,14.52,12.52,551.38,12.31,100.0,17.02,17.02,15.02,609.3,0.01,100.0,-2.03,-2.35,Classical PSO,12.98,14.7,QPSO
126,75963,13,5,129.6,8.0,incident,32,33,15.49,15.49,13.99,547.93,13.12,100.0,15.53,15.53,14.03,522.76,9.59,100.0,16.63,16.63,15.13,581.12,0.0,100.0,0.21,0.23,QPSO,6.83,7.51,QPSO
127,2061,17,6,124.6,13.0,rush_hour,27,44,14.99,14.99,13.49,576.45,13.89,100.0,17.4,17.4,15.4,745.21,10.17,100.0,18.38,18.38,16.88,765.11,0.01,100.0,13.83,12.38,QPSO,18.44,20.07,QPSO
128,47179,11,4,107.3,18.0,uniform,21,34,11.73,11.73,10.23,414.46,11.94,100.0,12.67,12.67,11.17,474.28,6.31,100.0,12.31,12.31,10.81,442.54,0.0,100.0,7.38,8.38,QPSO,4.71,5.37,QPSO
129,58779,8,2,113.9,9.0,rush_hour,33,30,10.75,10.75,9.75,309.83,10.04,100.0,10.75,10.75,9.75,309.83,8.45,100.0,12.51,12.51,11.51,373.49,0.0,100.0,0.0,0.0,Tie,14.11,15.33,QPSO
130,27318,10,5,101.9,8.5,rush_hour,35,50,16.79,16.79,15.29,371.11,18.52,100.0,17.83,17.83,16.33,460.55,13.42,100.0,20.04,20.04,18.54,484.11,0.01,100.0,5.85,6.38,QPSO,16.21,17.52,QPSO
131,39684,13,4,98.1,8.5,uniform,32,50,11.66,11.66,10.16,438.59,21.75,100.0,12.5,12.5,11.0,431.76,13.95,100.0,13.95,13.95,12.45,547.4,0.01,100.0,6.72,7.63,QPSO,16.42,18.39,QPSO
132,74048,13,3,117.4,9.0,incident,23,39,13.88,13.88,12.38,509.84,12.79,100.0,13.88,13.88,12.38,509.84,10.32,100.0,16.33,16.33,14.83,616.6,0.01,100.0,0.0,0.0,Tie,15.03,16.55,QPSO
133,49311,18,6,105.1,8.0,incident,27,40,17.39,17.39,15.39,613.71,13.61,100.0,19.2,19.2,17.2,652.55,7.99,100.0,20.42,20.42,18.42,703.78,0.0,100.0,9.45,10.55,QPSO,14.84,16.46,QPSO
134,4280,17,4,124.9,18.0,uniform,34,47,14.75,14.75,12.75,588.78,20.19,100.0,13.63,13.63,12.13,545.31,8.88,100.0,17.75,17.75,16.25,712.06,0.01,100.0,-8.2,-5.09,Classical PSO,16.89,21.53,QPSO
135,40608,18,6,77.0,8.0,rush_hour,35,28,19.99,19.99,17.49,612.38,9.86,100.0,23.69,23.69,20.69,730.13,7.37,100.0,23.5,23.5,21.0,751.59,0.01,100.0,15.59,15.44,QPSO,14.91,16.68,QPSO
136,13739,11,5,93.3,18.0,incident,33,43,12.65,12.65,11.15,505.45,13.5,100.0,12.32,12.32,10.82,460.28,10.61,100.0,16.77,16.77,15.27,687.49,0.01,100.0,-2.65,-3.02,Classical PSO,24.55,26.96,QPSO
137,98290,10,6,109.3,17.5,rush_hour,28,26,9.64,9.64,8.64,363.36,9.12,100.0,10.01,10.01,9.01,341.91,6.94,100.0,12.18,12.18,11.18,413.23,0.01,100.0,3.75,4.16,QPSO,20.84,22.71,QPSO
138,91476,13,4,96.6,9.0,uniform,31,42,10.98,10.98,9.48,411.3,15.62,100.0,10.79,10.79,9.29,376.29,11.24,100.0,13.35,13.35,11.85,506.79,0.01,100.0,-1.7,-1.98,Classical PSO,17.77,20.02,QPSO
139,85518,13,4,93.9,8.0,rush_hour,22,46,14.14,14.14,12.64,395.05,12.09,100.0,17.35,17.35,15.35,521.47,10.92,100.0,15.82,15.82,14.32,440.33,0.01,100.0,18.5,17.65,QPSO,10.64,11.76,QPSO
140,28801,18,7,73.0,8.5,uniform,26,27,21.54,21.54,18.54,690.89,10.25,100.0,23.52,23.52,20.52,793.1,6.48,100.0,27.67,27.67,24.67,955.92,0.01,100.0,8.43,9.66,QPSO,22.15,24.85,QPSO
141,73641,11,4,118.8,9.0,uniform,20,33,10.42,10.42,9.42,436.7,9.55,100.0,11.49,11.49,10.49,424.94,7.99,100.0,11.23,11.23,10.23,483.14,0.01,100.0,9.33,10.22,QPSO,7.24,7.95,QPSO
142,19964,10,3,117.9,18.0,uniform,24,25,6.93,6.93,5.93,270.28,6.96,100.0,7.95,7.95,6.45,283.97,6.12,100.0,9.46,9.46,8.46,378.62,0.0,100.0,12.82,8.05,QPSO,26.72,29.88,QPSO
143,47955,11,5,70.9,8.0,uniform,33,41,14.6,14.6,12.6,471.49,13.93,100.0,14.44,14.44,12.44,482.89,10.5,100.0,17.54,17.54,15.54,561.01,0.01,100.0,-1.05,-1.22,Classical PSO,16.77,18.93,QPSO
144,15896,9,5,96.9,17.5,incident,23,39,8.6,8.6,7.1,314.71,12.11,100.0,7.57,7.57,6.57,298.69,10.38,100.0,10.91,10.91,9.41,429.83,0.0,100.0,-13.63,-8.09,Classical PSO,21.17,24.54,QPSO
145,67039,11,5,113.6,13.0,incident,20,26,11.52,11.52,10.02,447.7,9.08,100.0,11.44,11.44,9.94,404.35,6.56,100.0,12.91,12.91,11.41,460.59,0.0,100.0,-0.68,-0.79,Classical PSO,10.74,12.15,QPSO
146,63781,14,5,111.2,18.0,rush_hour,22,27,12.03,12.03,10.53,459.46,9.56,100.0,12.1,12.1,10.6,472.75,6.91,100.0,14.32,14.32,12.82,507.09,0.03,100.0,0.55,0.63,QPSO,15.98,17.85,QPSO
147,43219,17,6,73.9,17.5,incident,30,37,23.31,23.31,20.81,792.96,15.57,100.0,21.78,21.78,19.28,766.81,9.3,100.0,24.45,24.45,21.95,864.67,0.01,100.0,-7.04,-7.96,Classical PSO,4.66,5.19,QPSO
148,79301,16,6,97.2,8.0,incident,23,45,16.82,16.82,14.82,589.92,14.3,100.0,17.85,17.85,15.85,639.35,8.45,100.0,21.94,21.94,19.94,801.2,0.01,100.0,5.79,6.52,QPSO,23.33,25.67,QPSO
149,86316,16,5,95.8,13.0,rush_hour,34,37,13.11,13.11,11.11,465.23,15.35,100.0,14.67,14.67,12.67,550.6,9.2,100.0,15.02,15.02,13.02,539.38,0.01,100.0,10.65,12.33,QPSO,12.75,14.7,QPSO
150,55524,9,5,95.6,9.0,uniform,35,27,12.35,12.35,10.85,462.67,6.72,100.0,12.35,12.35,10.85,462.67,6.53,100.0,15.22,15.22,13.72,583.22,0.0,100.0,0.0,0.0,Tie,18.85,20.92,QPSO
151,12957,9,5,95.9,8.5,incident,21,43,10.99,10.99,9.99,381.56,11.93,100.0,10.25,10.25,9.25,351.11,10.56,100.0,11.13,11.13,10.13,390.01,0.0,100.0,-7.14,-7.91,Classical PSO,1.33,1.46,QPSO
152,74608,16,5,110.2,9.0,incident,33,48,12.11,12.11,10.61,444.54,18.97,100.0,13.52,13.52,12.02,535.18,12.3,100.0,15.55,15.55,14.05,601.01,0.01,100.0,10.46,11.77,QPSO,22.12,24.48,QPSO
153,7743,12,6,91.1,17.5,uniform,24,46,11.55,11.55,10.05,402.11,11.93,100.0,12.93,12.93,11.43,471.77,9.29,100.0,13.96,13.96,12.46,507.11,0.01,100.0,10.64,12.04,QPSO,17.24,19.31,QPSO
154,64201,11,6,91.0,9.0,uniform,28,43,10.52,10.52,9.02,351.97,10.13,100.0,12.32,12.32,10.82,398.4,9.95,100.0,12.43,12.43,10.93,385.48,0.0,100.0,14.64,16.67,QPSO,15.36,17.47,QPSO
155,30643,14,6,106.5,18.0,rush_hour,20,30,13.52,13.52,12.02,490.91,10.43,100.0,16.36,16.36,14.86,638.62,8.78,100.0,15.05,15.05,13.55,569.86,0.01,100.0,17.37,19.12,QPSO,10.16,11.28,QPSO
156,36818,12,4,91.1,8.5,incident,32,27,13.83,13.83,11.83,488.55,8.89,100.0,14.05,14.05,12.05,506.55,8.03,100.0,17.84,17.84,15.84,604.07,0.01,100.0,1.57,1.83,QPSO,22.47,25.31,QPSO
157,19595,18,6,75.5,13.0,rush_hour,34,35,20.16,20.16,17.16,782.12,17.25,100.0,22.82,22.82,19.82,862.24,10.15,100.0,24.78,24.78,21.78,937.11,0.01,100.0,11.68,13.45,QPSO,18.67,21.24,QPSO
158,21631,13,3,113.3,8.0,uniform,25,49,12.76,12.76,11.26,442.97,14.72,100.0,13.8,13.8,12.3,481.55,13.05,100.0,14.51,14.51,13.01,546.31,0.01,100.0,7.6,8.52,QPSO,12.08,13.47,QPSO
159,81981,8,6,86.3,13.0,incident,34,38,10.42,10.42,9.42,367.77,13.01,100.0,10.42,10.42,9.42,367.77,9.61,100.0,12.06,12.06,11.06,434.85,0.0,100.0,0.0,0.0,Tie,13.59,14.82,QPSO
160,36804,11,4,90.7,9.0,incident,35,41,11.49,11.49,9.99,382.11,16.7,100.0,12.48,12.48,10.98,403.46,12.8,100.0,19.04,19.04,17.54,656.07,0.01,100.0,7.95,9.03,QPSO,39.67,43.06,QPSO
161,88442,12,6,83.2,8.0,uniform,26,34,12.18,12.18,10.68,447.68,11.59,100.0,12.83,12.83,11.33,527.33,9.61,100.0,14.19,14.19,12.69,583.75,0.01,100.0,5.06,5.73,QPSO,14.16,15.83,QPSO
162,28686,10,3,87.4,8.0,rush_hour,33,30,13.9,13.9,12.4,440.12,10.86,100.0,13.9,13.9,12.4,440.12,8.04,100.0,15.17,15.17,13.67,534.56,0.01,100.0,-0.0,-0.0,Tie,8.38,9.3,QPSO
163,17932,14,6,100.0,9.0,uniform,32,48,15.02,15.02,13.52,577.38,18.83,100.0,14.64,14.64,13.14,520.96,9.54,100.0,16.46,16.46,14.96,662.53,0.0,100.0,-2.59,-2.88,Classical PSO,8.77,9.65,QPSO
164,6544,14,4,97.6,9.0,incident,33,43,13.12,13.12,11.62,413.88,17.29,100.0,13.09,13.09,11.59,417.15,11.93,100.0,14.96,14.96,13.46,527.57,0.01,100.0,-0.21,-0.24,Classical PSO,12.33,13.71,QPSO
165,54008,18,6,87.4,8.0,rush_hour,25,50,25.78,25.78,23.28,727.42,17.29,100.0,29.95,29.95,26.95,836.11,11.09,100.0,31.12,31.12,28.62,928.42,0.01,100.0,13.91,13.61,QPSO,17.15,18.64,QPSO
166,82018,15,5,75.3,8.5,rush_hour,32,41,16.97,16.97,14.97,516.25,12.58,100.0,16.41,16.41,13.91,498.46,7.75,100.0,17.0,17.0,15.0,509.25,0.0,100.0,-3.42,-7.63,Classical PSO,0.2,0.23,QPSO
167,11308,14,4,114.7,9.0,uniform,22,41,12.37,12.37,10.87,480.39,13.17,100.0,13.92,13.92,12.42,540.18,9.19,100.0,13.85,13.85,12.35,536.08,0.0,100.0,11.09,12.43,QPSO,10.69,11.99,QPSO
168,83998,9,4,124.4,9.0,incident,24,32,10.04,10.04,9.04,362.01,7.58,100.0,10.04,10.04,9.04,362.01,8.32,100.0,14.19,14.19,13.19,515.91,0.0,100.0,0.0,0.0,Tie,29.21,31.42,QPSO
169,14474,10,6,81.8,8.5,incident,22,30,9.47,9.47,7.97,291.08,8.72,100.0,11.17,11.17,9.67,377.67,7.55,100.0,14.08,14.08,12.58,501.45,0.0,100.0,15.24,17.6,QPSO,32.78,36.69,QPSO
170,83306,15,6,115.3,13.0,incident,30,45,13.24,13.24,11.74,475.49,16.05,100.0,14.2,14.2,12.7,478.11,8.59,100.0,15.93,15.93,14.43,590.27,0.01,100.0,6.71,7.5,QPSO,16.84,18.59,QPSO
171,42436,10,5,74.1,18.0,rush_hour,28,43,10.1,10.1,8.6,328.26,12.82,100.0,10.38,10.38,8.88,341.87,10.88,100.0,10.88,10.88,9.38,363.46,0.01,100.0,2.69,3.14,QPSO,7.19,8.34,QPSO
172,8362,13,5,88.6,8.0,uniform,31,34,13.01,13.01,11.01,432.55,11.01,100.0,14.87,14.87,12.87,497.83,6.85,100.0,16.55,16.55,14.55,567.59,0.01,100.0,12.5,14.44,QPSO,21.39,24.33,QPSO
173,11057,18,6,106.9,13.0,incident,21,39,15.91,15.91,13.91,613.44,11.06,100.0,19.06,19.06,17.06,665.91,10.14,100.0,22.18,22.18,20.18,874.38,0.01,100.0,16.49,18.42,QPSO,28.25,31.05,QPSO
174,75928,18,6,89.3,17.5,uniform,21,39,18.11,18.11,15.61,680.43,11.58,100.0,20.43,20.43,17.43,791.63,8.4,100.0,21.46,21.46,18.96,867.26,0.01,100.0,11.39,10.48,QPSO,15.63,17.69,QPSO
175,14566,13,4,100.3,8.0,uniform,34,39,13.11,13.11,11.61,448.31,12.34,100.0,15.59,15.59,14.09,555.47,7.4,100.0,16.14,16.14,14.64,600.74,0.01,100.0,15.91,17.61,QPSO,18.79,20.71,QPSO
176,69690,16,6,91.8,13.0,rush_hour,30,46,14.75,14.75,12.75,476.96,15.79,100.0,17.1,17.1,15.1,557.81,11.25,100.0,19.4,19.4,17.4,729.49,0.01,100.0,13.77,15.59,QPSO,23.96,26.71,QPSO
177,79366,8,3,74.0,17.5,incident,32,34,9.44,9.44,7.94,332.55,11.49,100.0,9.61,9.61,8.11,315.33,10.03,100.0,10.62,10.62,9.12,372.9,0.0,100.0,1.73,2.05,QPSO,11.14,12.97,QPSO
178,34029,18,5,90.0,9.0,rush_hour,32,29,21.02,21.02,18.52,586.38,11.48,100.0,23.86,23.86,21.36,713.0,9.51,100.0,28.33,28.33,25.83,793.98,0.01,100.0,11.9,13.3,QPSO,25.79,28.28,QPSO
179,78993,9,5,103.5,8.5,incident,22,45,10.77,10.77,9.27,441.0,16.2,100.0,9.68,9.68,8.68,396.87,12.77,100.0,13.81,13.81,12.81,612.99,0.01,100.0,-11.3,-6.84,Classical PSO,22.01,27.63,QPSO
180,88878,14,6,71.1,8.5,uniform,30,49,13.01,13.01,11.01,529.66,16.57,100.0,13.76,13.76,11.76,530.86,11.68,100.0,14.86,14.86,12.86,590.95,0.01,100.0,5.43,6.36,QPSO,12.42,14.35,QPSO
181,64736,11,4,130.0,8.0,rush_hour,23,41,17.35,17.35,15.85,364.04,13.77,100.0,20.88,20.88,19.38,466.59,10.81,100.0,22.22,22.22,20.72,463.31,0.01,100.0,16.94,18.25,QPSO,21.93,23.52,QPSO
182,71748,16,6,109.7,8.5,incident,32,29,15.91,15.91,13.91,570.97,8.66,100.0,17.32,17.32,15.32,548.51,7.35,100.0,18.79,18.79,16.79,696.9,0.01,100.0,8.16,9.23,QPSO,15.33,17.16,QPSO
183,22266,10,3,113.3,13.0,rush_hour,27,39,8.93,8.93,7.93,297.81,12.39,100.0,8.53,8.53,7.53,276.47,9.5,100.0,11.22,11.22,10.22,369.39,0.0,100.0,-4.71,-5.33,Classical PSO,20.4,22.4,QPSO
184,81031,12,4,84.0,9.0,rush_hour,26,36,14.76,14.76,12.76,390.91,10.69,100.0,17.36,17.36,15.36,467.6,9.85,100.0,18.32,18.32,16.32,577.72,0.01,100.0,14.96,16.9,QPSO,19.43,21.81,QPSO
185,89907,17,6,97.7,13.0,incident,33,30,17.02,17.02,14.52,640.77,9.79,100.0,16.55,16.55,14.05,595.32,8.95,100.0,21.48,21.48,18.98,815.33,0.01,100.0,-2.85,-3.36,Classical PSO,20.77,23.51,QPSO
186,27174,17,4,122.4,18.0,rush_hour,31,42,13.15,13.15,11.15,466.89,20.07,100.0,15.17,15.17,13.17,570.25,9.75,100.0,15.73,15.73,13.73,600.37,0.01,100.0,13.33,15.35,QPSO,16.41,18.8,QPSO
187,14446,16,5,87.1,9.0,rush_hour,24,38,22.25,22.25,19.75,618.73,19.32,100.0,23.24,23.24,20.74,654.18,9.23,100.0,26.05,26.05,23.55,695.05,0.01,100.0,4.29,4.81,QPSO,14.6,16.15,QPSO
188,13021,11,3,123.1,13.0,uniform,32,41,10.11,10.11,9.11,369.56,10.82,100.0,11.65,11.65,10.15,369.54,12.3,100.0,11.82,11.82,10.82,454.55,0.01,100.0,13.26,10.3,QPSO,14.49,15.83,QPSO
189,50015,11,5,129.7,8.5,uniform,30,28,9.81,9.81,8.81,381.59,10.85,100.0,8.52,8.52,7.52,326.04,8.23,100.0,11.34,11.34,10.34,445.08,0.01,100.0,-15.19,-17.21,Classical PSO,13.49,14.8,QPSO
190,94677,18,4,117.5,8.0,rush_hour,35,47,21.39,21.39,19.39,611.01,17.66,100.0,26.06,26.06,24.06,750.75,10.74,100.0,24.37,24.37,22.37,709.89,0.01,100.0,17.93,19.42,QPSO,12.23,13.33,QPSO
191,19191,15,4,106.9,8.0,rush_hour,26,29,29.72,29.72,27.72,609.85,9.64,100.0,34.49,34.49,32.49,789.22,6.96,100.0,34.41,34.41,32.41,713.51,0.01,100.0,13.84,14.69,QPSO,13.62,14.46,QPSO
192,72932,17,6,76.7,8.5,rush_hour,23,26,30.9,30.9,28.4,765.36,10.03,100.0,33.17,33.17,30.17,827.26,6.7,100.0,31.63,31.63,29.13,765.71,0.01,100.0,6.84,5.87,QPSO,2.32,2.52,QPSO
193,32252,14,6,73.8,17.5,incident,20,45,15.97,15.97,13.47,572.05,12.15,100.0,16.03,16.03,13.53,577.57,9.66,100.0,18.1,18.1,15.6,650.61,0.01,100.0,0.39,0.46,QPSO,11.79,13.68,QPSO
194,68551,17,5,113.1,13.0,uniform,31,32,17.55,17.55,15.55,621.42,10.65,100.0,20.77,20.77,18.77,782.3,7.5,100.0,20.97,20.97,18.97,804.69,0.01,100.0,15.5,17.15,QPSO,16.29,18.01,QPSO
195,75798,14,4,109.9,17.5,rush_hour,22,41,10.42,10.42,8.92,396.2,10.17,100.0,11.71,11.71,9.71,450.36,9.62,100.0,13.96,13.96,12.46,599.26,0.01,100.0,10.95,8.06,QPSO,25.35,28.4,QPSO
196,72313,16,6,93.4,8.0,incident,32,36,19.05,19.05,17.05,584.62,12.7,100.0,21.65,21.65,19.65,706.21,9.67,100.0,21.32,21.32,19.32,648.21,0.01,100.0,11.98,13.2,QPSO,10.65,11.75,QPSO
197,34246,8,4,117.3,8.5,incident,23,49,9.19,9.19,8.19,307.85,12.49,100.0,10.07,10.07,9.07,322.7,10.87,100.0,10.23,10.23,9.23,330.47,0.0,100.0,8.72,9.68,QPSO,10.13,11.23,QPSO
198,77271,13,6,72.7,18.0,uniform,34,47,13.51,13.51,11.51,509.22,17.73,100.0,13.36,13.36,11.36,454.24,10.63,100.0,14.29,14.29,12.29,487.89,0.0,100.0,-1.16,-1.36,Classical PSO,5.46,6.35,QPSO
199,63722,18,4,118.7,18.0,rush_hour,21,34,17.56,17.56,15.56,689.79,9.63,100.0,16.72,16.72,14.72,645.69,8.73,100.0,53841.89,53841.89,16.13,711.89,0.01,0.0,-4.98,-5.66,Classical PSO,99.97,3.57,QPSO
200,27422,8,4,123.1,9.0,incident,32,42,8.89,8.89,7.89,349.65,10.7,100.0,9.27,9.27,8.27,321.69,8.55,100.0,10.09,10.09,9.09,346.37,0.0,100.0,4.1,4.59,QPSO,11.93,13.24,QPSO
201,63049,12,4,115.2,9.0,rush_hour,21,45,14.24,14.24,12.74,399.37,13.66,100.0,16.6,16.6,15.1,511.76,10.51,100.0,14.68,14.68,13.18,452.08,0.0,100.0,14.22,15.63,QPSO,3.04,3.38,QPSO
202,44506,12,6,118.0,13.0,incident,34,37,12.07,12.07,10.57,442.04,10.0,100.0,12.78,12.78,11.28,489.26,7.14,100.0,15.51,15.51,14.01,639.43,0.0,100.0,5.58,6.32,QPSO,22.2,24.58,QPSO
203,45438,10,5,111.5,17.5,rush_hour,22,48,9.41,9.41,7.91,383.06,11.36,100.0,10.49,10.49,9.49,434.15,11.6,100.0,11.32,11.32,10.32,483.73,0.01,100.0,10.29,16.64,QPSO,16.84,23.31,QPSO
204,56640,9,4,106.1,17.5,rush_hour,30,28,8.51,8.51,7.51,344.15,7.34,100.0,8.86,8.86,7.36,338.33,6.53,100.0,9.37,9.37,8.37,374.28,0.01,100.0,3.86,-2.15,QPSO,9.1,10.19,QPSO
205,11494,13,6,88.4,18.0,rush_hour,25,47,13.47,13.47,11.47,479.59,12.89,100.0,14.71,14.71,12.71,553.27,12.08,100.0,14.65,14.65,12.65,560.77,0.01,100.0,8.46,9.8,QPSO,8.1,9.38,QPSO
206,59183,13,6,72.5,17.5,rush_hour,28,45,12.11,12.11,9.61,447.56,16.63,100.0,12.11,12.11,9.61,447.56,10.09,100.0,14.24,14.24,11.74,517.49,0.01,100.0,0.0,0.0,Tie,14.99,18.18,QPSO
207,8518,9,4,91.8,8.0,uniform,34,26,9.1,9.1,8.1,395.01,6.49,100.0,9.1,9.1,8.1,395.01,5.93,100.0,11.68,11.68,10.68,509.75,0.0,100.0,0.0,0.0,Tie,22.05,24.12,QPSO
208,17545,9,4,116.7,9.0,rush_hour,21,44,10.34,10.34,9.34,312.63,11.03,100.0,10.34,10.34,9.34,312.63,9.25,100.0,11.67,11.67,10.67,380.59,0.0,100.0,-0.0,-0.0,Tie,11.33,12.4,QPSO
209,21111,18,5,126.9,13.0,uniform,24,41,15.63,15.63,13.63,536.22,15.36,100.0,16.64,16.64,14.64,607.04,8.07,100.0,18.48,18.48,16.98,698.56,0.01,100.0,6.04,6.86,QPSO,15.41,19.72,QPSO
210,49096,14,4,109.0,8.0,uniform,25,40,12.82,12.82,11.32,520.68,13.2,100.0,12.59,12.59,11.09,509.78,10.21,100.0,16.76,16.76,15.26,693.39,0.01,100.0,-1.81,-2.05,Classical PSO,23.49,25.8,QPSO
211,68861,14,6,85.7,18.0,rush_hour,26,44,15.39,15.39,13.39,549.77,12.31,100.0,15.13,15.13,13.13,573.83,10.2,100.0,19.52,19.52,17.52,720.38,0.01,100.0,-1.71,-1.97,Classical PSO,21.2,23.61,QPSO
212,38431,15,5,77.4,13.0,uniform,34,27,16.08,16.08,13.58,560.06,9.11,100.0,19.13,19.13,16.63,656.08,6.11,100.0,21.16,21.16,19.16,769.95,0.0,100.0,15.94,18.34,QPSO,23.98,29.1,QPSO
213,90381,13,5,112.6,9.0,uniform,25,50,13.33,13.33,11.83,434.35,15.57,100.0,14.14,14.14,12.64,480.65,12.78,100.0,15.67,15.67,14.17,555.17,0.01,100.0,5.71,6.39,QPSO,14.91,16.48,QPSO
214,48381,16,6,77.3,8.5,uniform,35,25,15.8,15.8,13.8,524.41,9.5,100.0,15.81,15.81,13.81,558.71,7.46,100.0,16.86,16.86,14.86,587.12,0.01,100.0,0.02,0.02,QPSO,6.26,7.1,QPSO
215,48303,16,5,98.0,17.5,uniform,22,34,17.85,17.85,15.85,640.67,9.1,100.0,19.94,19.94,17.44,693.29,6.34,100.0,21.47,21.47,19.47,742.98,0.0,100.0,10.5,9.13,QPSO,16.85,18.58,QPSO
216,53187,15,6,116.1,8.0,uniform,30,45,14.92,14.92,12.92,505.26,13.55,100.0,15.37,15.37,13.37,545.68,13.09,100.0,23.0,23.0,21.0,922.12,0.0,100.0,2.92,3.36,QPSO,35.12,38.46,QPSO
217,10720,15,5,110.8,8.5,incident,25,49,13.04,13.04,11.54,494.7,13.2,100.0,14.82,14.82,12.82,521.44,11.12,100.0,14.33,14.33,12.83,551.71,0.01,100.0,12.04,10.02,QPSO,9.05,10.11,QPSO
218,17912,14,4,119.9,9.0,uniform,25,35,14.49,14.49,12.99,522.9,12.45,100.0,13.65,13.65,12.15,467.85,10.61,100.0,18.08,18.08,16.58,644.17,0.0,100.0,-6.16,-6.92,Classical PSO,19.85,21.65,QPSO
219,93973,11,5,126.8,8.0,rush_hour,26,45,16.26,16.26,14.76,398.02,14.53,100.0,17.74,17.74,16.24,439.78,12.83,100.0,20.81,20.81,19.31,508.39,0.01,100.0,8.33,9.1,QPSO,21.84,23.54,QPSO
220,73199,12,3,107.5,17.5,incident,25,43,12.87,12.87,11.37,473.0,17.22,100.0,15.78,15.78,14.28,579.62,11.8,100.0,15.14,15.14,13.64,502.38,0.0,100.0,18.44,20.38,QPSO,15.0,16.64,QPSO
221,77106,10,5,109.5,17.5,uniform,20,27,9.09,9.09,8.09,353.22,7.83,100.0,9.09,9.09,8.09,353.22,7.39,100.0,11.51,11.51,10.51,506.82,0.01,100.0,0.0,0.0,Tie,21.08,23.08,QPSO
222,6958,18,6,109.1,17.5,incident,20,40,17.21,17.21,15.21,636.06,12.15,100.0,17.26,17.26,14.76,627.02,12.73,100.0,17.82,17.82,15.82,646.98,0.01,100.0,0.3,-3.04,QPSO,3.4,3.83,QPSO
223,83203,16,5,108.5,13.0,uniform,32,34,16.36,16.36,14.36,604.84,10.75,100.0,18.17,18.17,15.67,656.15,10.39,100.0,22.16,22.16,20.16,854.01,0.01,100.0,9.96,8.35,QPSO,26.16,28.76,QPSO
224,60446,9,6,79.5,13.0,rush_hour,26,35,9.68,9.68,8.68,350.97,9.51,100.0,10.71,10.71,9.71,449.79,11.41,100.0,11.66,11.66,10.66,503.93,0.0,100.0,9.62,10.61,QPSO,17.0,18.59,QPSO
225,80516,10,5,121.7,18.0,rush_hour,32,29,8.6,8.6,7.1,347.27,8.7,100.0,7.92,7.92,6.92,301.18,8.11,100.0,10.41,10.41,9.41,402.7,0.01,100.0,-8.66,-2.69,Classical PSO,17.35,24.51,QPSO
226,49567,16,6,89.1,8.0,rush_hour,34,32,28.75,28.75,26.75,689.68,11.26,100.0,25.24,25.24,23.24,511.61,8.88,100.0,31.32,31.32,29.32,767.01,0.0,100.0,-13.9,-15.1,Classical PSO,8.2,8.76,QPSO
227,19465,9,6,87.4,17.5,rush_hour,27,30,10.07,10.07,8.57,419.33,6.93,100.0,10.07,10.07,8.57,419.33,8.82,100.0,13.18,13.18,11.68,522.57,0.01,100.0,0.0,0.0,Tie,23.6,26.63,QPSO
228,43917,17,6,81.4,13.0,incident,34,40,16.95,16.95,14.45,554.32,19.18,100.0,17.14,17.14,14.64,589.91,12.17,100.0,22.2,22.2,19.7,841.44,0.01,100.0,1.1,1.28,QPSO,23.66,26.66,QPSO
229,41441,15,6,75.4,17.5,rush_hour,27,31,20.73,20.73,17.73,716.76,8.64,100.0,20.81,20.81,17.81,764.5,9.75,100.0,25.17,25.17,22.17,867.15,0.0,100.0,0.39,0.46,QPSO,17.66,20.05,QPSO
230,77460,13,6,73.0,17.5,incident,35,34,14.71,14.71,12.71,504.62,10.68,100.0,15.18,15.18,13.18,526.23,10.25,100.0,17.26,17.26,15.26,653.78,0.01,100.0,3.07,3.54,QPSO,14.79,16.72,QPSO
231,71345,8,5,95.9,18.0,rush_hour,32,36,7.61,7.61,6.61,302.69,12.64,100.0,7.61,7.61,6.61,302.69,7.19,100.0,8.53,8.53,7.53,408.41,0.01,100.0,0.0,0.0,Tie,10.79,12.23,QPSO
232,6930,14,4,104.2,9.0,incident,29,27,17.0,17.0,15.5,618.37,8.24,100.0,18.61,18.61,16.61,673.48,5.68,100.0,19.19,19.19,17.69,714.38,0.0,100.0,8.62,6.65,QPSO,11.41,12.38,QPSO
233,51639,16,5,115.9,17.5,incident,23,29,13.13,13.13,11.13,481.77,10.13,100.0,13.17,13.17,11.17,482.91,7.83,100.0,16.65,16.65,14.65,655.81,0.01,100.0,0.28,0.33,QPSO,21.14,24.03,QPSO
234,13672,14,5,117.7,17.5,rush_hour,24,31,12.16,12.16,10.66,488.95,8.14,100.0,13.53,13.53,12.03,528.97,10.49,100.0,14.78,14.78,13.28,622.41,0.01,100.0,10.17,11.44,QPSO,17.77,19.78,QPSO
235,79966,16,4,100.0,8.0,uniform,30,50,16.61,16.61,14.61,584.45,16.96,100.0,19.7,19.7,17.7,662.2,14.7,100.0,20.33,20.33,18.33,748.09,0.01,100.0,15.71,17.49,QPSO,18.33,20.33,QPSO
236,63094,16,6,78.9,9.0,incident,30,30,17.29,17.29,14.79,568.04,10.01,100.0,19.18,19.18,16.68,665.81,10.89,100.0,21.38,21.38,18.88,740.14,0.01,100.0,9.87,11.34,QPSO,19.12,21.65,QPSO
237,52505,17,6,105.6,18.0,incident,29,40,14.21,14.21,12.21,523.91,23.61,100.0,15.83,15.83,13.83,584.41,14.23,100.0,18.94,18.94,16.94,730.65,0.0,100.0,10.21,11.69,QPSO,24.97,27.91,QPSO
238,3180,13,6,110.4,17.5,rush_hour,20,44,9.15,9.15,7.65,352.54,10.96,100.0,10.69,10.69,9.19,407.08,8.28,100.0,12.91,12.91,11.41,513.51,0.01,100.0,14.38,16.72,QPSO,29.11,32.93,QPSO
239,63205,12,6,113.3,8.5,incident,32,29,11.06,11.06,9.56,353.48,11.46,100.0,13.76,13.76,12.26,430.85,9.65,100.0,12.86,12.86,11.36,414.82,0.01,100.0,19.62,22.02,QPSO,14.03,15.88,QPSO
240,90224,11,3,104.4,8.5,uniform,34,35,10.91,10.91,9.41,408.44,9.65,100.0,10.72,10.72,9.22,434.09,6.93,100.0,13.79,13.79,12.29,530.29,0.0,100.0,-1.77,-2.05,Classical PSO,20.92,23.47,QPSO
241,55890,10,6,111.4,17.5,incident,35,48,10.01,10.01,9.01,383.73,15.08,100.0,12.14,12.14,11.14,441.86,12.66,100.0,12.8,12.8,11.8,458.86,0.0,100.0,17.54,19.12,QPSO,21.78,23.62,QPSO
242,96342,8,6,101.1,9.0,incident,35,41,8.31,8.31,7.31,245.67,12.23,100.0,8.56,8.56,7.56,269.09,8.5,100.0,9.46,9.46,8.46,301.25,0.0,100.0,2.99,3.38,QPSO,12.2,13.64,QPSO
243,50391,13,6,97.6,9.0,incident,31,46,12.25,12.25,10.75,483.35,14.16,100.0,11.98,11.98,10.48,461.3,10.18,100.0,17.09,17.09,15.59,715.48,0.0,100.0,-2.21,-2.53,Classical PSO,28.35,31.08,QPSO
244,95493,18,5,106.6,8.5,rush_hour,29,32,21.15,21.15,18.65,530.7,17.58,100.0,24.8,24.8,22.8,685.18,12.2,100.0,28.62,28.62,26.12,754.0,0.01,100.0,14.71,18.19,QPSO,26.11,28.61,QPSO
245,40008,12,6,111.4,9.0,rush_hour,31,42,13.03,13.03,12.03,357.65,12.1,100.0,15.53,15.53,14.03,413.85,8.48,100.0,14.56,14.56,13.56,443.09,0.0,100.0,16.09,14.25,QPSO,10.51,11.28,QPSO
246,95589,12,6,77.3,17.5,rush_hour,32,36,15.05,15.05,13.05,590.76,11.75,100.0,15.45,15.45,13.45,587.83,11.8,100.0,17.32,17.32,15.32,621.55,0.0,100.0,2.56,2.94,QPSO,13.09,14.8,QPSO
247,20198,12,6,87.3,8.0,rush_hour,34,45,18.81,18.81,16.81,468.26,18.15,100.0,19.94,19.94,17.94,496.97,12.02,100.0,22.85,22.85,20.85,570.67,0.0,100.0,5.64,6.27,QPSO,17.68,19.38,QPSO
248,34612,15,6,82.1,17.5,incident,28,29,15.52,15.52,13.02,585.03,9.09,100.0,16.22,16.22,14.22,566.98,6.74,100.0,19.68,19.68,17.68,707.01,0.0,100.0,4.36,8.49,QPSO,21.16,26.38,QPSO
249,15316,17,6,84.5,18.0,uniform,21,28,15.53,15.53,13.03,521.29,8.15,100.0,19.02,19.02,16.52,645.77,5.87,100.0,18.35,18.35,15.85,642.6,0.0,100.0,18.34,21.12,QPSO,15.37,17.79,QPSO
250,55172,13,5,76.0,8.0,incident,25,38,15.32,15.32,13.32,541.94,14.32,100.0,16.2,16.2,13.7,568.32,12.9,100.0,17.02,17.02,15.02,612.71,0.0,100.0,5.38,2.71,QPSO,9.98,11.31,QPSO
251,86575,15,5,109.0,9.0,rush_hour,21,49,16.83,16.83,15.33,476.77,19.93,100.0,23.65,23.65,21.65,674.94,13.72,100.0,22.52,22.52,21.02,668.55,0.01,100.0,28.82,29.17,QPSO,25.26,27.06,QPSO
252,12725,18,5,102.1,8.5,rush_hour,25,26,18.58,18.58,16.58,520.18,9.77,100.0,20.83,20.83,18.83,556.92,8.81,100.0,22.31,22.31,20.31,566.39,0.01,100.0,10.78,11.93,QPSO,16.7,18.35,QPSO
253,53034,15,5,126.2,8.0,uniform,29,43,12.53,12.53,11.03,470.83,14.75,100.0,14.08,14.08,12.08,550.44,12.41,100.0,15.7,15.7,14.2,637.8,0.01,100.0,10.99,8.67,QPSO,20.18,22.32,QPSO
254,80007,9,6,87.1,8.5,incident,34,33,10.85,10.85,9.35,362.34,8.08,100.0,12.13,12.13,10.63,424.37,6.29,100.0,12.58,12.58,11.08,455.62,0.0,100.0,10.57,12.06,QPSO,13.74,15.6,QPSO
255,26272,9,6,79.7,18.0,rush_hour,25,25,10.11,10.11,8.61,360.59,6.19,100.0,10.59,10.59,9.09,389.19,8.34,100.0,10.65,10.65,9.15,391.62,0.01,100.0,4.54,5.29,QPSO,5.02,5.84,QPSO
256,97549,13,4,104.1,8.5,incident,32,38,16.11,16.11,14.61,526.27,11.0,100.0,15.37,15.37,13.87,466.11,7.61,100.0,18.66,18.66,17.16,572.69,0.01,100.0,-4.82,-5.34,Classical PSO,13.66,14.85,QPSO
257,68538,13,4,94.0,8.5,uniform,35,35,12.52,12.52,11.02,434.03,12.12,100.0,12.79,12.79,10.79,413.61,8.25,100.0,15.12,15.12,13.62,543.02,0.01,100.0,2.1,-2.14,QPSO,17.2,19.1,QPSO
258,33512,8,6,93.0,9.0,rush_hour,29,43,13.57,13.57,12.57,346.84,10.04,100.0,14.68,14.68,13.68,341.08,11.05,100.0,16.67,16.67,15.17,413.28,0.0,100.0,7.57,8.13,QPSO,18.58,17.12,QPSO
259,95749,17,6,85.7,18.0,uniform,21,46,15.92,15.92,13.42,488.31,12.47,100.0,16.86,16.86,14.36,547.49,8.56,100.0,20.6,20.6,18.1,718.85,0.01,100.0,5.56,6.52,QPSO,22.69,25.83,QPSO
260,16495,15,6,79.6,18.0,uniform,29,36,20.93,20.93,17.93,695.43,11.14,100.0,19.95,19.95,17.45,649.49,9.1,100.0,23.43,23.43,20.93,845.2,0.01,100.0,-4.94,-2.78,Classical PSO,10.68,14.34,QPSO
261,81560,11,6,127.4,8.5,rush_hour,31,38,13.12,13.12,12.12,338.51,10.55,100.0,11.77,11.77,10.77,325.97,11.49,100.0,14.35,14.35,13.35,389.52,0.01,100.0,-11.42,-12.48,Classical PSO,8.6,9.25,QPSO
262,93004,16,6,115.4,8.5,uniform,22,41,16.12,16.12,14.12,552.3,12.47,100.0,17.41,17.41,15.41,609.89,7.61,100.0,19.07,19.07,17.07,697.81,0.01,100.0,7.41,8.38,QPSO,15.44,17.25,QPSO
263,59556,16,6,74.7,8.0,incident,26,43,18.94,18.94,15.94,621.12,13.18,100.0,18.79,18.79,16.29,661.79,10.74,100.0,20.96,20.96,17.96,693.94,0.01,100.0,-0.83,2.11,Classical PSO,9.64,11.25,QPSO
264,71341,10,6,89.7,8.0,incident,26,47,9.82,9.82,8.32,337.61,11.94,100.0,9.73,9.73,8.23,331.9,12.76,100.0,11.96,11.96,10.46,415.49,0.0,100.0,-0.97,-1.15,Classical PSO,17.87,20.43,QPSO
265,77434,15,5,123.9,8.0,rush_hour,24,41,22.62,22.62,21.12,470.01,12.42,100.0,24.74,24.74,23.24,494.42,10.25,100.0,23.46,23.46,21.96,498.72,0.01,100.0,8.56,9.11,QPSO,3.57,3.81,QPSO
266,55450,15,6,103.5,9.0,incident,20,37,15.02,15.02,13.02,474.13,9.96,100.0,16.58,16.58,14.58,532.52,7.38,100.0,15.46,15.46,13.46,516.66,0.0,100.0,9.4,10.69,QPSO,2.83,3.25,QPSO
267,34352,8,2,104.7,13.0,rush_hour,22,42,7.68,7.68,6.68,302.62,9.34,100.0,8.23,8.23,7.23,325.43,11.21,100.0,8.11,8.11,7.11,311.05,0.0,100.0,6.69,7.62,QPSO,5.25,5.99,QPSO
268,8897,9,5,71.9,8.5,uniform,33,36,10.06,10.06,8.56,317.61,9.28,100.0,10.06,10.06,8.56,317.61,7.16,100.0,12.91,12.91,11.41,409.44,0.0,100.0,0.0,0.0,Tie,22.05,24.95,QPSO
269,51132,15,5,92.5,18.0,rush_hour,23,30,15.68,15.68,13.68,531.34,8.24,100.0,15.29,15.29,13.29,542.73,8.4,100.0,16.7,16.7,14.7,597.8,0.01,100.0,-2.55,-2.93,Classical PSO,6.11,6.94,QPSO
270,71419,14,4,113.7,8.0,uniform,29,39,11.16,11.16,9.66,401.24,10.62,100.0,12.21,12.21,10.21,396.28,10.54,100.0,11.75,11.75,10.25,462.95,0.01,100.0,8.61,5.41,QPSO,5.01,5.75,QPSO
271,89276,16,4,101.9,8.5,rush_hour,31,29,19.11,19.11,17.11,589.95,11.8,100.0,23.0,23.0,21.0,766.24,6.96,100.0,20.72,20.72,18.72,662.23,0.01,100.0,16.9,18.51,QPSO,7.79,8.62,QPSO
272,37129,11,6,71.9,13.0,incident,20,32,11.91,11.91,9.91,329.34,8.17,100.0,11.98,11.98,9.98,334.97,8.89,100.0,14.17,14.17,12.17,380.02,0.01,100.0,0.59,0.71,QPSO,15.93,18.55,QPSO
273,28011,9,6,105.6,17.5,incident,21,32,10.8,10.8,9.8,444.8,9.84,100.0,10.62,10.62,9.62,443.08,7.62,100.0,12.73,12.73,11.73,517.39,0.0,100.0,-1.62,-1.79,Classical PSO,15.18,16.47,QPSO
274,98064,8,4,96.3,8.0,uniform,29,32,8.97,8.97,7.97,329.81,9.26,100.0,8.97,8.97,7.97,329.81,7.21,100.0,11.12,11.12,10.12,411.47,0.0,100.0,0.0,0.0,Tie,19.34,21.25,QPSO
275,96881,17,6,104.6,8.5,rush_hour,24,46,24.19,24.19,22.19,603.83,16.87,100.0,24.23,24.23,22.23,569.83,12.26,100.0,30.13,30.13,28.13,800.2,0.01,100.0,0.16,0.18,QPSO,19.7,21.1,QPSO
276,69321,11,4,88.0,17.5,incident,25,45,13.91,13.91,12.41,451.69,10.48,100.0,15.26,15.26,13.76,505.21,9.79,100.0,17.96,17.96,16.46,663.26,0.01,100.0,8.83,9.8,QPSO,22.55,24.61,QPSO
277,89965,14,6,72.8,18.0,incident,32,50,18.65,18.65,16.15,545.16,13.69,100.0,19.1,19.1,16.6,619.35,11.56,100.0,24.36,24.36,21.86,842.06,0.01,100.0,2.34,2.7,QPSO,23.45,26.13,QPSO
278,69742,13,5,94.5,13.0,uniform,35,32,11.45,11.45,9.45,431.86,10.04,100.0,11.97,11.97,10.47,484.3,6.59,100.0,12.71,12.71,10.71,519.03,0.0,100.0,4.36,9.76,QPSO,9.91,11.77,QPSO
279,30536,12,3,118.3,17.5,rush_hour,33,42,9.5,9.5,8.5,407.62,14.74,100.0,10.54,10.54,9.54,363.73,12.26,100.0,11.06,11.06,10.06,454.47,0.01,100.0,9.87,10.9,QPSO,14.08,15.48,QPSO
280,70467,10,4,84.6,9.0,incident,22,39,9.62,9.62,8.12,344.47,9.05,100.0,9.97,9.97,8.47,364.81,9.96,100.0,10.64,10.64,9.14,385.87,0.01,100.0,3.47,4.08,QPSO,9.56,11.12,QPSO
281,49637,9,5,73.1,18.0,incident,21,27,9.67,9.67,8.17,343.92,6.14,100.0,9.67,9.67,8.17,343.92,8.03,100.0,11.78,11.78,10.28,460.98,0.01,100.0,0.0,0.0,Tie,17.94,20.56,QPSO
282,25662,17,6,98.8,9.0,uniform,26,31,15.64,15.64,13.64,579.96,12.71,100.0,19.77,19.77,17.27,679.81,6.86,100.0,19.85,19.85,17.85,803.87,0.0,100.0,20.9,21.03,QPSO,21.19,23.57,QPSO
283,98186,9,6,124.9,18.0,uniform,32,32,9.37,9.37,8.37,366.16,8.78,100.0,9.6,9.6,8.6,377.28,7.35,100.0,10.75,10.75,9.75,447.8,0.0,100.0,2.45,2.73,QPSO,12.85,14.17,QPSO
284,73362,13,6,92.8,18.0,rush_hour,29,33,12.11,12.11,10.61,424.72,16.79,100.0,13.06,13.06,11.56,450.51,9.55,100.0,17.38,17.38,15.88,649.2,0.01,100.0,7.31,8.26,QPSO,30.34,33.21,QPSO
285,48139,16,6,98.0,9.0,uniform,31,35,13.87,13.87,11.87,434.08,11.32,100.0,16.03,16.03,14.03,557.52,9.26,100.0,18.2,18.2,16.2,602.64,0.01,100.0,13.47,15.39,QPSO,23.75,26.68,QPSO
286,55254,8,2,114.5,9.0,incident,33,34,11.04,11.04,10.04,364.89,8.49,100.0,11.24,11.24,10.24,366.04,8.43,100.0,15.04,15.04,14.04,523.19,0.0,100.0,1.79,1.97,QPSO,26.6,28.49,QPSO
287,20976,11,6,83.8,8.5,rush_hour,30,33,14.49,14.49,12.49,486.15,9.25,100.0,14.15,14.15,12.65,466.24,10.57,100.0,17.47,17.47,15.97,578.13,0.0,100.0,-2.41,1.26,Classical PSO,17.03,21.76,QPSO
288,65044,18,6,97.6,8.5,uniform,35,30,17.68,17.68,15.18,567.81,10.36,100.0,19.05,19.05,16.55,648.89,6.51,100.0,27.21,27.21,24.71,893.45,0.01,100.0,7.19,8.28,QPSO,35.02,38.57,QPSO
289,72058,18,5,101.4,18.0,uniform,20,38,14.61,14.61,12.61,521.17,13.13,100.0,16.99,16.99,14.99,621.39,11.34,100.0,17.14,17.14,15.14,645.52,0.01,100.0,13.97,15.84,QPSO,14.72,16.67,QPSO
290,19021,18,7,74.1,8.0,uniform,34,36,21.19,21.19,18.19,688.89,14.44,100.0,22.24,22.24,19.24,757.49,9.29,100.0,25.37,25.37,22.37,854.3,0.01,100.0,4.75,5.49,QPSO,16.5,18.71,QPSO
291,8923,17,4,109.6,8.0,incident,33,25,16.21,16.21,14.21,572.67,8.7,100.0,20.14,20.14,18.14,708.31,9.3,100.0,21.64,21.64,19.64,814.69,0.01,100.0,19.51,21.66,QPSO,25.07,27.62,QPSO
292,3192,16,5,102.1,8.0,incident,33,50,15.42,15.42,13.42,578.05,16.88,100.0,15.43,15.43,13.43,540.95,12.85,100.0,20.45,20.45,18.45,744.47,0.01,100.0,0.07,0.08,QPSO,24.6,27.27,QPSO
293,24496,9,4,101.5,8.5,incident,28,36,7.59,7.59,6.59,241.58,9.95,100.0,7.6,7.6,6.6,259.43,10.96,100.0,10.09,10.09,9.09,352.32,0.0,100.0,0.24,0.28,QPSO,24.8,27.53,QPSO
294,36038,14,5,92.4,13.0,incident,27,47,15.53,15.53,13.53,541.02,25.69,100.0,16.68,16.68,14.68,623.64,10.82,100.0,16.89,16.89,15.39,644.81,0.01,100.0,6.93,7.88,QPSO,8.05,12.09,QPSO
295,30603,12,3,109.2,8.0,rush_hour,32,37,19.83,19.83,18.33,410.22,11.67,100.0,21.36,21.36,19.86,453.71,11.91,100.0,22.47,22.47,20.97,482.74,0.01,100.0,7.13,7.67,QPSO,11.72,12.56,QPSO
296,73443,15,6,108.2,8.5,uniform,35,38,13.36,13.36,11.86,443.64,12.07,100.0,15.63,15.63,14.13,560.8,8.88,100.0,15.37,15.37,13.87,531.23,0.01,100.0,14.55,16.09,QPSO,13.13,14.55,QPSO
297,85529,13,3,123.7,8.5,uniform,35,33,11.37,11.37,9.87,436.03,10.82,100.0,11.19,11.19,9.69,420.61,12.47,100.0,15.73,15.73,14.23,637.96,0.01,100.0,-1.58,-1.82,Classical PSO,27.74,30.67,QPSO
298,7102,9,6,124.0,18.0,uniform,25,35,8.24,8.24,7.24,301.58,8.31,100.0,8.96,8.96,7.96,280.55,10.68,100.0,9.63,9.63,8.63,381.33,0.01,100.0,8.1,9.11,QPSO,14.42,16.09,QPSO
299,3052,11,6,115.1,8.0,rush_hour,25,43,19.16,19.16,17.66,455.68,11.44,100.0,22.05,22.05,20.55,517.12,14.2,100.0,23.92,23.92,22.42,673.89,0.0,100.0,13.09,14.05,QPSO,19.91,21.24,QPSO
300,32519,17,6,110.6,9.0,rush_hour,24,50,15.39,15.39,13.89,414.95,17.58,100.0,18.24,18.24,16.74,522.13,10.24,100.0,19.45,19.45,17.95,525.63,0.01,100.0,15.64,17.04,QPSO,20.89,22.63,QPSO
